{"train_loss":0.08808300957083702,"epoch":9,"eval_mse":0.08765696734189987,"_wandb":{"runtime":35},"eval_psnr":10.572135058266367,"_runtime":35,"_step":8,"eval_mae":0.1889764964580536,"_timestamp":1.7530314299162116e+09}